,Other Loans,Credit Cards,Real Estate,Total Past Due,Year
10,3.5877549735001826,-2.585400218664732,7.407840363415687,4.0418008993634285,1998
11,1.3394724041945845,-8.085650089746041,10.882541477648225,-4.287875470484035,1999
12,3.036599138900113,14.982680598376241,9.706894845299836,16.28300065279426,2000
13,1.614774679721145,6.475879449638966,6.955276872201345,11.379408323381789,2001
14,7.012329296626964,15.148085107785183,12.952562915128004,-5.468341177990113,2002
15,6.545414813859426,11.222699367794542,8.887560573876728,-3.0897056095340703,2003
16,2.7703376204780223,14.023167045892604,13.420529756549508,-6.863099455968791,2004
