,Other Loans,Credit Cards,Real Estate,Total Past Due,Year
17,2.8408591389882174,-3.7661460692693147,12.140507752225647,11.020091250430642,2005
18,5.9279004262971755,-1.992287478600292,12.987858091535594,18.18550440730701,2006
19,9.95000666366313,11.41498686171403,6.5676025780555785,31.28178732355021,2007
20,2.3869025901260046,6.016266460318437,4.286787714538065,43.40450633050769,2008
21,0.039741019625635886,-4.890474296603357,-0.4848621824559773,19.88395278650009,2009
22,-3.0997998670992457,37.49100838436016,-4.619745332806425,-10.322383213357783,2010
23,1.3745735215545285,-3.0656049402329497,-2.912524980668727,-5.1816072659312695,2011
