,Other Loans,Credit Cards,Real Estate,Total Past Due,Year
0,4.768418942281799,12.220297706573914,11.079389289873284,1.4984257713331934,1988
1,3.4176660194726547,10.832442911228782,11.324779991221783,14.310922796195175,1989
2,-0.17639198860297825,1.4572758281176175,8.06489053394702,17.18818248018966,1990
3,-6.368563864168298,4.058743720603973,2.6045079446459245,-10.456571359376623,1991
4,-1.2998940095196487,-1.9873235198655494,1.89385405269205,-21.37086162599829,1992
5,6.163775983746511,11.6816008055398,5.802699533141441,-20.59060066148188,1993
